artist,year,program
AI,2015,ミュージックステーションスーパーライブ
AKB48,2015,ミュージックステーションスーパーライブ
BABYMETAL,2015,ミュージックステーションスーパーライブ
BoA,2015,ミュージックステーションスーパーライブ
E-girls,2015,ミュージックステーションスーパーライブ
EXILE,2015,ミュージックステーションスーパーライブ
GENERATIONS,2015,ミュージックステーションスーパーライブ
Hey! Say! JUMP,2015,ミュージックステーションスーパーライブ
JUJU,2015,ミュージックステーションスーパーライブ
KAT-TUN,2015,ミュージックステーションスーパーライブ
Kis-My-Ft2,2015,ミュージックステーションスーパーライブ
L'Arc〜en〜Ciel,2015,ミュージックステーションスーパーライブ
Mr.Children,2015,ミュージックステーションスーパーライブ
Perfume,2015,ミュージックステーションスーパーライブ
SEKAI NO OWARI,2015,ミュージックステーションスーパーライブ
SMAP,2015,ミュージックステーションスーパーライブ
Sexy Zone,2015,ミュージックステーションスーパーライブ
Superfly,2015,ミュージックステーションスーパーライブ
TOKIO,2015,ミュージックステーションスーパーライブ
X JAPAN,2015,ミュージックステーションスーパーライブ
YUKI,2015,ミュージックステーションスーパーライブ
aiko,2015,ミュージックステーションスーパーライブ
back number,2015,ミュージックステーションスーパーライブ
miwa,2015,ミュージックステーションスーパーライブ
いきものがかり,2015,ミュージックステーションスーパーライブ
きゃりーぱみゅぱみゅ,2015,ミュージックステーションスーパーライブ
ゆず,2015,ミュージックステーションスーパーライブ
ゲスの極み乙女。,2015,ミュージックステーションスーパーライブ
コブクロ,2015,ミュージックステーションスーパーライブ
ゴールデンボンバー,2015,ミュージックステーションスーパーライブ
ジャニーズWEST,2015,ミュージックステーションスーパーライブ
ナオト・インティライミ,2015,ミュージックステーションスーパーライブ
ポルノグラフィティ,2015,ミュージックステーションスーパーライブ
三代目 J Soul Brothers,2015,ミュージックステーションスーパーライブ
乃木坂46,2015,ミュージックステーションスーパーライブ
家入レオ,2015,ミュージックステーションスーパーライブ
嵐,2015,ミュージックステーションスーパーライブ
星野源,2015,ミュージックステーションスーパーライブ
秦基博,2015,ミュージックステーションスーパーライブ
稲葉浩志,2015,ミュージックステーションスーパーライブ
西野カナ,2015,ミュージックステーションスーパーライブ
関ジャニ∞,2015,ミュージックステーションスーパーライブ
AI,2016,ミュージックステーションスーパーライブ
AKB48,2016,ミュージックステーションスーパーライブ
DAIGO,2016,ミュージックステーションスーパーライブ
E-girls,2016,ミュージックステーションスーパーライブ
EXILE THE SECOND,2016,ミュージックステーションスーパーライブ
GENERATIONS,2016,ミュージックステーションスーパーライブ
Hey! Say! JUMP,2016,ミュージックステーションスーパーライブ
JUJU×沢村一樹,2016,ミュージックステーションスーパーライブ
Kis-My-Ft2,2016,ミュージックステーションスーパーライブ
L'Arc〜en〜Ciel,2016,ミュージックステーションスーパーライブ
NEWS,2016,ミュージックステーションスーパーライブ
Perfume,2016,ミュージックステーションスーパーライブ
RADIO FISH,2016,ミュージックステーションスーパーライブ
SEKAI NO OWARI,2016,ミュージックステーションスーパーライブ
Sexy Zone,2016,ミュージックステーションスーパーライブ
THE YELLOW MONKEY,2016,ミュージックステーションスーパーライブ
TOKIO,2016,ミュージックステーションスーパーライブ
X JAPAN,2016,ミュージックステーションスーパーライブ
aiko,2016,ミュージックステーションスーパーライブ
back number,2016,ミュージックステーションスーパーライブ
いきものがかり,2016,ミュージックステーションスーパーライブ
きゃりーぱみゅぱみゅ,2016,ミュージックステーションスーパーライブ
ゆず,2016,ミュージックステーションスーパーライブ
コブクロ,2016,ミュージックステーションスーパーライブ
ゴールデンボンバー,2016,ミュージックステーションスーパーライブ
ジャニーズWEST,2016,ミュージックステーションスーパーライブ
スキマスイッチ×奥田民生,2016,ミュージックステーションスーパーライブ
ピコ太郎,2016,ミュージックステーションスーパーライブ
ポルノグラフィティ,2016,ミュージックステーションスーパーライブ
三代目 J Soul Brothers,2016,ミュージックステーションスーパーライブ
上白石萌音,2016,ミュージックステーションスーパーライブ
乃木坂46,2016,ミュージックステーションスーパーライブ
大黒摩季,2016,ミュージックステーションスーパーライブ
小室哲哉+HYDE,2016,ミュージックステーションスーパーライブ
嵐,2016,ミュージックステーションスーパーライブ
平井堅,2016,ミュージックステーションスーパーライブ
星野源,2016,ミュージックステーションスーパーライブ
松下奈緒,2016,ミュージックステーションスーパーライブ
桐谷健太,2016,ミュージックステーションスーパーライブ
桑田佳祐,2016,ミュージックステーションスーパーライブ
森山良子×森山直太朗,2016,ミュージックステーションスーパーライブ
欅坂46,2016,ミュージックステーションスーパーライブ
絢香,2016,ミュージックステーションスーパーライブ
藤原さくら,2016,ミュージックステーションスーパーライブ
西野カナ,2016,ミュージックステーションスーパーライブ
関ジャニ∞,2016,ミュージックステーションスーパーライブ
AI×渡辺直美,2017,ミュージックステーションスーパーライブ
AKB48,2017,ミュージックステーションスーパーライブ
BTS,2017,ミュージックステーションスーパーライブ
DAOKO,2017,ミュージックステーションスーパーライブ
DEAN FUJIOKA,2017,ミュージックステーションスーパーライブ
E-girls,2017,ミュージックステーションスーパーライブ
EXILE THE SECOND,2017,ミュージックステーションスーパーライブ
GENERATIONS,2017,ミュージックステーションスーパーライブ
HIKAKIN & SEIKIN,2017,ミュージックステーションスーパーライブ
Hey! Say! JUMP,2017,ミュージックステーションスーパーライブ
KinKi Kids,2017,ミュージックステーションスーパーライブ
Kis-My-Ft2,2017,ミュージックステーションスーパーライブ
LUNA SEA,2017,ミュージックステーションスーパーライブ
Little Glee Monster,2017,ミュージックステーションスーパーライブ
NEWS,2017,ミュージックステーションスーパーライブ
Perfume,2017,ミュージックステーションスーパーライブ
SHISHAMO,2017,ミュージックステーションスーパーライブ
Sexy Zone,2017,ミュージックステーションスーパーライブ
TOKIO,2017,ミュージックステーションスーパーライブ
TWICE,2017,ミュージックステーションスーパーライブ
WANIMA,2017,ミュージックステーションスーパーライブ
X JAPAN,2017,ミュージックステーションスーパーライブ
aiko,2017,ミュージックステーションスーパーライブ
back number,2017,ミュージックステーションスーパーライブ
どうぶつビスケッツ×PPP,2017,ミュージックステーションスーパーライブ
ゆず,2017,ミュージックステーションスーパーライブ
ゲスの極み乙女。,2017,ミュージックステーションスーパーライブ
ゴールデンボンバー,2017,ミュージックステーションスーパーライブ
ジャニーズWEST,2017,ミュージックステーションスーパーライブ
スチャダラパー,2017,ミュージックステーションスーパーライブ
三代目 J Soul Brothers,2017,ミュージックステーションスーパーライブ
三浦大知,2017,ミュージックステーションスーパーライブ
乃木坂46,2017,ミュージックステーションスーパーライブ
亀と山P,2017,ミュージックステーションスーパーライブ
倉木麻衣,2017,ミュージックステーションスーパーライブ
小沢健二,2017,ミュージックステーションスーパーライブ
岡崎体育,2017,ミュージックステーションスーパーライブ
嵐,2017,ミュージックステーションスーパーライブ
平井堅,2017,ミュージックステーションスーパーライブ
昆夏美 & 山崎育三郎,2017,ミュージックステーションスーパーライブ
星野源,2017,ミュージックステーションスーパーライブ
椎名林檎と松崎ナオ,2017,ミュージックステーションスーパーライブ
欅坂46,2017,ミュージックステーションスーパーライブ
福山雅治,2017,ミュージックステーションスーパーライブ
荻野目洋子×登美丘高校ダンス部,2017,ミュージックステーションスーパーライブ
西野カナ,2017,ミュージックステーションスーパーライブ
関ジャニ∞,2017,ミュージックステーションスーパーライブ
高橋優,2017,ミュージックステーションスーパーライブ
AAA,2018,ミュージックステーションスーパーライブ
AKB48,2018,ミュージックステーションスーパーライブ
Boyz II Men,2018,ミュージックステーションスーパーライブ
CHEMISTRY,2018,ミュージックステーションスーパーライブ
DA PUMP,2018,ミュージックステーションスーパーライブ
E-girls,2018,ミュージックステーションスーパーライブ
EXILE,2018,ミュージックステーションスーパーライブ
EXILE ATSUSHI,2018,ミュージックステーションスーパーライブ
GENERATIONS,2018,ミュージックステーションスーパーライブ
HIKAKIN & SEIKIN,2018,ミュージックステーションスーパーライブ
Hey! Say! JUMP,2018,ミュージックステーションスーパーライブ
KAT-TUN,2018,ミュージックステーションスーパーライブ
KICK THE CAN CREW,2018,ミュージックステーションスーパーライブ
KinKi Kids,2018,ミュージックステーションスーパーライブ
King & Prince,2018,ミュージックステーションスーパーライブ
Kis-My-Ft2,2018,ミュージックステーションスーパーライブ
Little Glee Monster,2018,ミュージックステーションスーパーライブ
May J.,2018,ミュージックステーションスーパーライブ
NEWS,2018,ミュージックステーションスーパーライブ
Perfume,2018,ミュージックステーションスーパーライブ
SEKAI NO OWARI,2018,ミュージックステーションスーパーライブ
Sexy Zone,2018,ミュージックステーションスーパーライブ
TWICE,2018,ミュージックステーションスーパーライブ
WANIMA,2018,ミュージックステーションスーパーライブ
aiko,2018,ミュージックステーションスーパーライブ
あいみょん,2018,ミュージックステーションスーパーライブ
ゆず,2018,ミュージックステーションスーパーライブ
コブクロ,2018,ミュージックステーションスーパーライブ
ゴールデンボンバー,2018,ミュージックステーションスーパーライブ
ジャニーズWEST,2018,ミュージックステーションスーパーライブ
スガシカオ,2018,ミュージックステーションスーパーライブ
スキマスイッチ,2018,ミュージックステーションスーパーライブ
ポルノグラフィティ,2018,ミュージックステーションスーパーライブ
三代目 J Soul Brothers,2018,ミュージックステーションスーパーライブ
三浦大知,2018,ミュージックステーションスーパーライブ
乃木坂46,2018,ミュージックステーションスーパーライブ
和楽器バンド,2018,ミュージックステーションスーパーライブ
嵐,2018,ミュージックステーションスーパーライブ
広瀬香美,2018,ミュージックステーションスーパーライブ
星野源,2018,ミュージックステーションスーパーライブ
東京スカパラダイスオーケストラ feat.さかなクン,2018,ミュージックステーションスーパーライブ
欅坂46,2018,ミュージックステーションスーパーライブ
武田真治,2018,ミュージックステーションスーパーライブ
菅田将暉,2018,ミュージックステーションスーパーライブ
西野カナ,2018,ミュージックステーションスーパーライブ
関ジャニ∞,2018,ミュージックステーションスーパーライブ
青山テルマ,2018,ミュージックステーションスーパーライブ
A.B.C-Z,2019,ミュージックステーションスーパーライブ
AI,2019,ミュージックステーションスーパーライブ
AKB48,2019,ミュージックステーションスーパーライブ
BABYMETAL,2019,ミュージックステーションスーパーライブ
BARBEE BOYS,2019,ミュージックステーションスーパーライブ
BLUE ENCOUNT,2019,ミュージックステーションスーパーライブ
CHEMISTRY,2019,ミュージックステーションスーパーライブ
DA PUMP,2019,ミュージックステーションスーパーライブ
DEAN FUJIOKA,2019,ミュージックステーションスーパーライブ
E-girls,2019,ミュージックステーションスーパーライブ
EXILE,2019,ミュージックステーションスーパーライブ
Foorin,2019,ミュージックステーションスーパーライブ
GENERATIONS,2019,ミュージックステーションスーパーライブ
HIKAKIN & SEIKIN,2019,ミュージックステーションスーパーライブ
Hey! Say! JUMP,2019,ミュージックステーションスーパーライブ
KAT-TUN,2019,ミュージックステーションスーパーライブ
KREVA,2019,ミュージックステーションスーパーライブ
KinKi Kids,2019,ミュージックステーションスーパーライブ
King & Prince,2019,ミュージックステーションスーパーライブ
King Gnu,2019,ミュージックステーションスーパーライブ
Kis-My-Ft2,2019,ミュージックステーションスーパーライブ
LUNA SEA,2019,ミュージックステーションスーパーライブ
LiSA,2019,ミュージックステーションスーパーライブ
Little Glee Monster,2019,ミュージックステーションスーパーライブ
MAN WITH A MISSION,2019,ミュージックステーションスーパーライブ
MISIA,2019,ミュージックステーションスーパーライブ
NEWS,2019,ミュージックステーションスーパーライブ
Official髭男dism,2019,ミュージックステーションスーパーライブ
Perfume,2019,ミュージックステーションスーパーライブ
SEKAI NO OWARI,2019,ミュージックステーションスーパーライブ
Sexy Zone,2019,ミュージックステーションスーパーライブ
SixTONES vs Snow Man,2019,ミュージックステーションスーパーライブ
Superfly,2019,ミュージックステーションスーパーライブ
THE RAMPAGE,2019,ミュージックステーションスーパーライブ
THE YELLOW MONKEY,2019,ミュージックステーションスーパーライブ
Toshl,2019,ミュージックステーションスーパーライブ
V6,2019,ミュージックステーションスーパーライブ
WANIMA,2019,ミュージックステーションスーパーライブ
aiko,2019,ミュージックステーションスーパーライブ
m-flo,2019,ミュージックステーションスーパーライブ
milet,2019,ミュージックステーションスーパーライブ
いきものがかり,2019,ミュージックステーションスーパーライブ
きゃりーぱみゅぱみゅ,2019,ミュージックステーションスーパーライブ
ゆず,2019,ミュージックステーションスーパーライブ
コブクロ,2019,ミュージックステーションスーパーライブ
ゴスペラーズ,2019,ミュージックステーションスーパーライブ
ゴールデンボンバー,2019,ミュージックステーションスーパーライブ
ジェジュン,2019,ミュージックステーションスーパーライブ
ジャニーズWEST,2019,ミュージックステーションスーパーライブ
スキマスイッチ,2019,ミュージックステーションスーパーライブ
一青窈,2019,ミュージックステーションスーパーライブ
三代目 J SOUL BROTHERS,2019,ミュージックステーションスーパーライブ
三浦大知,2019,ミュージックステーションスーパーライブ
三浦祐太朗,2019,ミュージックステーションスーパーライブ
乃木坂46,2019,ミュージックステーションスーパーライブ
倉木麻衣,2019,ミュージックステーションスーパーライブ
倖田來未,2019,ミュージックステーションスーパーライブ
和楽器バンド,2019,ミュージックステーションスーパーライブ
宮本浩次,2019,ミュージックステーションスーパーライブ
小沢健二,2019,ミュージックステーションスーパーライブ
山下智久,2019,ミュージックステーションスーパーライブ
嵐,2019,ミュージックステーションスーパーライブ
平井堅,2019,ミュージックステーションスーパーライブ
平井大,2019,ミュージックステーションスーパーライブ
平手友梨奈（欅坂46）,2019,ミュージックステーションスーパーライブ
日向坂46,2019,ミュージックステーションスーパーライブ
木村カエラ,2019,ミュージックステーションスーパーライブ
東京スカパラダイスオーケストラ,2019,ミュージックステーションスーパーライブ
森山直太朗,2019,ミュージックステーションスーパーライブ
椎名林檎,2019,ミュージックステーションスーパーライブ
欅坂46,2019,ミュージックステーションスーパーライブ
石丸幹二,2019,ミュージックステーションスーパーライブ
秦基博,2019,ミュージックステーションスーパーライブ
荻野目洋子,2019,ミュージックステーションスーパーライブ
菅田将暉,2019,ミュージックステーションスーパーライブ
関ジャニ∞,2019,ミュージックステーションスーパーライブ
A.B.C-Z,2020,ミュージックステーションスーパーライブ
AI,2020,ミュージックステーションスーパーライブ
AKB48,2020,ミュージックステーションスーパーライブ
BABYMETAL,2020,ミュージックステーションスーパーライブ
BoA,2020,ミュージックステーションスーパーライブ
CHEMISTRY,2020,ミュージックステーションスーパーライブ
DA PUMP,2020,ミュージックステーションスーパーライブ
DISH//,2020,ミュージックステーションスーパーライブ
E-girls,2020,ミュージックステーションスーパーライブ
EXILE,2020,ミュージックステーションスーパーライブ
Foorin,2020,ミュージックステーションスーパーライブ
GENERATIONS,2020,ミュージックステーションスーパーライブ
HIKAKIN & SEIKIN,2020,ミュージックステーションスーパーライブ
Hey! Say! JUMP,2020,ミュージックステーションスーパーライブ
JUJU,2020,ミュージックステーションスーパーライブ
Jr.EXILE,2020,ミュージックステーションスーパーライブ
KAT-TUN,2020,ミュージックステーションスーパーライブ
KinKi Kids,2020,ミュージックステーションスーパーライブ
King & Prince,2020,ミュージックステーションスーパーライブ
King Gnu,2020,ミュージックステーションスーパーライブ
Kis-My-Ft2,2020,ミュージックステーションスーパーライブ
LiSA,2020,ミュージックステーションスーパーライブ
Little Glee Monster,2020,ミュージックステーションスーパーライブ
MISIA,2020,ミュージックステーションスーパーライブ
Mr.Children,2020,ミュージックステーションスーパーライブ
NEWS,2020,ミュージックステーションスーパーライブ
NiziU,2020,ミュージックステーションスーパーライブ
Perfume,2020,ミュージックステーションスーパーライブ
SEKAI NO OWARI,2020,ミュージックステーションスーパーライブ
Sexy Zone,2020,ミュージックステーションスーパーライブ
SixTONES,2020,ミュージックステーションスーパーライブ
Superfly,2020,ミュージックステーションスーパーライブ
THE RAMPAGE,2020,ミュージックステーションスーパーライブ
Toshl,2020,ミュージックステーションスーパーライブ
Uru,2020,ミュージックステーションスーパーライブ
V6,2020,ミュージックステーションスーパーライブ
aiko,2020,ミュージックステーションスーパーライブ
milet,2020,ミュージックステーションスーパーライブ
あいみょん,2020,ミュージックステーションスーパーライブ
いきものがかり,2020,ミュージックステーションスーパーライブ
コブクロ,2020,ミュージックステーションスーパーライブ
ゴールデンボンバー,2020,ミュージックステーションスーパーライブ
ジャニーズWEST,2020,ミュージックステーションスーパーライブ
ビリー・アイリッシュ,2020,ミュージックステーションスーパーライブ
マカロニえんぴつ,2020,ミュージックステーションスーパーライブ
三代目 J SOUL BROTHERS,2020,ミュージックステーションスーパーライブ
三浦大知,2020,ミュージックステーションスーパーライブ
乃木坂46,2020,ミュージックステーションスーパーライブ
久保田利伸,2020,ミュージックステーションスーパーライブ
宮本浩次,2020,ミュージックステーションスーパーライブ
小沢健二,2020,ミュージックステーションスーパーライブ
嵐,2020,ミュージックステーションスーパーライブ
広瀬香美,2020,ミュージックステーションスーパーライブ
日向坂46,2020,ミュージックステーションスーパーライブ
星野源,2020,ミュージックステーションスーパーライブ
東京スカパラダイスオーケストラ feat.川上洋平,2020,ミュージックステーションスーパーライブ
東京事変,2020,ミュージックステーションスーパーライブ
森七菜,2020,ミュージックステーションスーパーライブ
櫻坂46,2020,ミュージックステーションスーパーライブ
瑛人,2020,ミュージックステーションスーパーライブ
石丸幹二,2020,ミュージックステーションスーパーライブ
福山雅治,2020,ミュージックステーションスーパーライブ
関ジャニ∞,2020,ミュージックステーションスーパーライブ
高嶋ちさ子,2020,ミュージックステーションスーパーライブ
［Alexandros］,2020,ミュージックステーションスーパーライブ
A.B.C-Z,2021,ミュージックステーションスーパーライブ
AI,2021,ミュージックステーションスーパーライブ
AKB48,2021,ミュージックステーションスーパーライブ
Awesome City Club,2021,ミュージックステーションスーパーライブ
BLOOM VASE,2021,ミュージックステーションスーパーライブ
BiSH,2021,ミュージックステーションスーパーライブ
Creepy Nuts,2021,ミュージックステーションスーパーライブ
DA PUMP,2021,ミュージックステーションスーパーライブ
DISH//,2021,ミュージックステーションスーパーライブ
Def Tech,2021,ミュージックステーションスーパーライブ
EXILE,2021,ミュージックステーションスーパーライブ
EXILE×三代目 J SOUL BROTHERS,2021,ミュージックステーションスーパーライブ
GENERATIONS,2021,ミュージックステーションスーパーライブ
Hey! Say! JUMP,2021,ミュージックステーションスーパーライブ
Jr.EXILE（GENERATIONS、THE RAMPAGE、FANTASTICS、BALLISTIK BOYZ）,2021,ミュージックステーションスーパーライブ
KAT-TUN,2021,ミュージックステーションスーパーライブ
KinKi Kids,2021,ミュージックステーションスーパーライブ
King & Prince,2021,ミュージックステーションスーパーライブ
King Gnu,2021,ミュージックステーションスーパーライブ
Kis-My-Ft2,2021,ミュージックステーションスーパーライブ
L'Arc〜en〜Ciel,2021,ミュージックステーションスーパーライブ
LiSA,2021,ミュージックステーションスーパーライブ
Little Glee Monster,2021,ミュージックステーションスーパーライブ
NEWS,2021,ミュージックステーションスーパーライブ
NiziU,2021,ミュージックステーションスーパーライブ
ORANGE RANGE,2021,ミュージックステーションスーパーライブ
Perfume,2021,ミュージックステーションスーパーライブ
SEKAI NO OWARI,2021,ミュージックステーションスーパーライブ
Sexy Zone,2021,ミュージックステーションスーパーライブ
SixTONES,2021,ミュージックステーションスーパーライブ
Snow Man,2021,ミュージックステーションスーパーライブ
THE RAMPAGE,2021,ミュージックステーションスーパーライブ
TWICE,2021,ミュージックステーションスーパーライブ
Toshl,2021,ミュージックステーションスーパーライブ
UVERworld,2021,ミュージックステーションスーパーライブ
YOASOBI,2021,ミュージックステーションスーパーライブ
aiko,2021,ミュージックステーションスーパーライブ
milet,2021,ミュージックステーションスーパーライブ
あいみょん,2021,ミュージックステーションスーパーライブ
なにわ男子,2021,ミュージックステーションスーパーライブ
ひらめ,2021,ミュージックステーションスーパーライブ
ゴスペラーズ,2021,ミュージックステーションスーパーライブ
ゴスペラーズ×Little Glee Monster,2021,ミュージックステーションスーパーライブ
ジェジュン,2021,ミュージックステーションスーパーライブ
ジャニーズWEST,2021,ミュージックステーションスーパーライブ
スガシカオ,2021,ミュージックステーションスーパーライブ
マカロニえんぴつ,2021,ミュージックステーションスーパーライブ
三代目 J SOUL BROTHERS,2021,ミュージックステーションスーパーライブ
三浦大知,2021,ミュージックステーションスーパーライブ
乃木坂46,2021,ミュージックステーションスーパーライブ
優里,2021,ミュージックステーションスーパーライブ
大塚愛,2021,ミュージックステーションスーパーライブ
小沢健二,2021,ミュージックステーションスーパーライブ
山田裕貴×葵わかな,2021,ミュージックステーションスーパーライブ
川崎鷹也,2021,ミュージックステーションスーパーライブ
平井大,2021,ミュージックステーションスーパーライブ
日向坂46,2021,ミュージックステーションスーパーライブ
星野源,2021,ミュージックステーションスーパーライブ
東京事変,2021,ミュージックステーションスーパーライブ
松平健,2021,ミュージックステーションスーパーライブ
桑田佳祐,2021,ミュージックステーションスーパーライブ
森高千里,2021,ミュージックステーションスーパーライブ
櫻坂46,2021,ミュージックステーションスーパーライブ
清水美依紗,2021,ミュージックステーションスーパーライブ
石丸幹二×長屋晴子（緑黄色社会）,2021,ミュージックステーションスーパーライブ
緑黄色社会,2021,ミュージックステーションスーパーライブ
関ジャニ∞,2021,ミュージックステーションスーパーライブ
10-FEET,2022,ミュージックステーションスーパーライブ
A.B.C-Z,2022,ミュージックステーションスーパーライブ
AKB48,2022,ミュージックステーションスーパーライブ
Aimer,2022,ミュージックステーションスーパーライブ
BiSH,2022,ミュージックステーションスーパーライブ
DA PUMP,2022,ミュージックステーションスーパーライブ
DISH//,2022,ミュージックステーションスーパーライブ
ELEVENPLAY,2022,ミュージックステーションスーパーライブ
FANTASTICS,2022,ミュージックステーションスーパーライブ
GENERATIONS,2022,ミュージックステーションスーパーライブ
Hey! Say! JUMP,2022,ミュージックステーションスーパーライブ
Hoodie fam,2022,ミュージックステーションスーパーライブ
KARA,2022,ミュージックステーションスーパーライブ
KAT-TUN,2022,ミュージックステーションスーパーライブ
KinKi Kids,2022,ミュージックステーションスーパーライブ
King & Prince,2022,ミュージックステーションスーパーライブ
King Gnu,2022,ミュージックステーションスーパーライブ
Kis-My-Ft2,2022,ミュージックステーションスーパーライブ
Little Glee Monster,2022,ミュージックステーションスーパーライブ
MIYAVI,2022,ミュージックステーションスーパーライブ
Mirage Collective,2022,ミュージックステーションスーパーライブ
Mrs. GREEN APPLE,2022,ミュージックステーションスーパーライブ
NEWS,2022,ミュージックステーションスーパーライブ
NiziU,2022,ミュージックステーションスーパーライブ
Original Love & Ovall,2022,ミュージックステーションスーパーライブ
PUFFY,2022,ミュージックステーションスーパーライブ
Perfume,2022,ミュージックステーションスーパーライブ
SEKAI NO OWARI,2022,ミュージックステーションスーパーライブ
Saucy Dog,2022,ミュージックステーションスーパーライブ
Sexy Zone,2022,ミュージックステーションスーパーライブ
SixTONES,2022,ミュージックステーションスーパーライブ
Snow Man,2022,ミュージックステーションスーパーライブ
Stray Kids,2022,ミュージックステーションスーパーライブ
Superfly,2022,ミュージックステーションスーパーライブ
THE RAMPAGE,2022,ミュージックステーションスーパーライブ
Tani Yuuki,2022,ミュージックステーションスーパーライブ
Travis Japan,2022,ミュージックステーションスーパーライブ
YUKI,2022,ミュージックステーションスーパーライブ
aiko,2022,ミュージックステーションスーパーライブ
back number,2022,ミュージックステーションスーパーライブ
milet,2022,ミュージックステーションスーパーライブ
yama,2022,ミュージックステーションスーパーライブ
なにわ男子,2022,ミュージックステーションスーパーライブ
ゆず,2022,ミュージックステーションスーパーライブ
ウタ,2022,ミュージックステーションスーパーライブ
ゴスペラーズ×Little Glee Monster,2022,ミュージックステーションスーパーライブ
ゴールデンボンバー,2022,ミュージックステーションスーパーライブ
ジェジュン,2022,ミュージックステーションスーパーライブ
ジャニーズWEST,2022,ミュージックステーションスーパーライブ
マカロニえんぴつ,2022,ミュージックステーションスーパーライブ
三浦大知,2022,ミュージックステーションスーパーライブ
中島美嘉,2022,ミュージックステーションスーパーライブ
乃木坂46,2022,ミュージックステーションスーパーライブ
優里,2022,ミュージックステーションスーパーライブ
前田公輝×内田真礼×Cocomi,2022,ミュージックステーションスーパーライブ
宮本浩次,2022,ミュージックステーションスーパーライブ
小沢健二,2022,ミュージックステーションスーパーライブ
工藤静香,2022,ミュージックステーションスーパーライブ
工藤静香×Cocomi,2022,ミュージックステーションスーパーライブ
広瀬香美,2022,ミュージックステーションスーパーライブ
後藤真希,2022,ミュージックステーションスーパーライブ
日向坂46,2022,ミュージックステーションスーパーライブ
櫻坂46,2022,ミュージックステーションスーパーライブ
清塚信也,2022,ミュージックステーションスーパーライブ
石丸幹二×アイナ・ジ・エンド,2022,ミュージックステーションスーパーライブ
緑黄色社会,2022,ミュージックステーションスーパーライブ
関ジャニ∞,2022,ミュージックステーションスーパーライブ
AI,2023,ミュージックステーションスーパーライブ
"Awich, NENE, MaRI, AI & YURIYAN RETRIEVER",2023,ミュージックステーションスーパーライブ
BE:FIRST,2023,ミュージックステーションスーパーライブ
DA PUMP,2023,ミュージックステーションスーパーライブ
GENERATIONS,2023,ミュージックステーションスーパーライブ
KinKi Kids,2023,ミュージックステーションスーパーライブ
KinKi Kids×King & Prince,2023,ミュージックステーションスーパーライブ
King & Prince,2023,ミュージックステーションスーパーライブ
L'Arc〜en〜Ciel,2023,ミュージックステーションスーパーライブ
LE SSERAFIM,2023,ミュージックステーションスーパーライブ
Little Glee Monster,2023,ミュージックステーションスーパーライブ
MIKIKO×Rhizomatiks×三浦大知×SP Dancers×ELEVENPLAY×Perfume,2023,ミュージックステーションスーパーライブ
Mrs. GREEN APPLE,2023,ミュージックステーションスーパーライブ
NiziU,2023,ミュージックステーションスーパーライブ
Perfume,2023,ミュージックステーションスーパーライブ
SEKAI NO OWARI,2023,ミュージックステーションスーパーライブ
SUPER BEAVER,2023,ミュージックステーションスーパーライブ
Saucy Dog,2023,ミュージックステーションスーパーライブ
SixTONES,2023,ミュージックステーションスーパーライブ
Snow Man,2023,ミュージックステーションスーパーライブ
Stray Kids,2023,ミュージックステーションスーパーライブ
Stray Kids×LiSA,2023,ミュージックステーションスーパーライブ
THE RAMPAGE,2023,ミュージックステーションスーパーライブ
Toshl,2023,ミュージックステーションスーパーライブ
YOASOBI,2023,ミュージックステーションスーパーライブ
aiko,2023,ミュージックステーションスーパーライブ
ano,2023,ミュージックステーションスーパーライブ
yama,2023,ミュージックステーションスーパーライブ
あいみょん,2023,ミュージックステーションスーパーライブ
いきものがかり,2023,ミュージックステーションスーパーライブ
ちゃんみな,2023,ミュージックステーションスーパーライブ
なにわ男子,2023,ミュージックステーションスーパーライブ
ゆず,2023,ミュージックステーションスーパーライブ
キョコロヒー,2023,ミュージックステーションスーパーライブ
ゴールデンボンバー,2023,ミュージックステーションスーパーライブ
ジェジュン,2023,ミュージックステーションスーパーライブ
マカロニえんぴつ,2023,ミュージックステーションスーパーライブ
モーニング娘。MステSPユニット（モーニング娘。’23＆OGメンバー）,2023,ミュージックステーションスーパーライブ
三浦大知,2023,ミュージックステーションスーパーライブ
乃木坂46,2023,ミュージックステーションスーパーライブ
優里,2023,ミュージックステーションスーパーライブ
新しい学校のリーダーズ,2023,ミュージックステーションスーパーライブ
日向坂46,2023,ミュージックステーションスーパーライブ
櫻坂46,2023,ミュージックステーションスーパーライブ
清水美依紗,2023,ミュージックステーションスーパーライブ
緑黄色社会,2023,ミュージックステーションスーパーライブ
関ジャニ∞,2023,ミュージックステーションスーパーライブ
AI,2024,ミュージックステーションスーパーライブ
Awich,2024,ミュージックステーションスーパーライブ
BE:FIRST,2024,ミュージックステーションスーパーライブ
BOYNEXTDOOR,2024,ミュージックステーションスーパーライブ
B小町,2024,ミュージックステーションスーパーライブ
CANDY TUNE,2024,ミュージックステーションスーパーライブ
CUTIE STREET,2024,ミュージックステーションスーパーライブ
Creepy Nuts,2024,ミュージックステーションスーパーライブ
Da-iCE,2024,ミュージックステーションスーパーライブ
FRUITS ZIPPER,2024,ミュージックステーションスーパーライブ
GENERATIONS,2024,ミュージックステーションスーパーライブ
ILLIT,2024,ミュージックステーションスーパーライブ
INI,2024,ミュージックステーションスーパーライブ
King & Prince,2024,ミュージックステーションスーパーライブ
Kis-My-Ft2,2024,ミュージックステーションスーパーライブ
L'Arc～en～Ciel,2024,ミュージックステーションスーパーライブ
ME:I,2024,ミュージックステーションスーパーライブ
MISAMO,2024,ミュージックステーションスーパーライブ
MY FIRST STORY×HYDE,2024,ミュージックステーションスーパーライブ
Mrs. GREEN APPLE,2024,ミュージックステーションスーパーライブ
NiziU,2024,ミュージックステーションスーパーライブ
Number_i,2024,ミュージックステーションスーパーライブ
Omoinotake,2024,ミュージックステーションスーパーライブ
Perfume,2024,ミュージックステーションスーパーライブ
RIIZE,2024,ミュージックステーションスーパーライブ
SUPER BEAVER,2024,ミュージックステーションスーパーライブ
SUPER EIGHT,2024,ミュージックステーションスーパーライブ
SWEET STEADY,2024,ミュージックステーションスーパーライブ
Saucy Dog,2024,ミュージックステーションスーパーライブ
SixTONES,2024,ミュージックステーションスーパーライブ
Snow Man,2024,ミュージックステーションスーパーライブ
Stray Kids,2024,ミュージックステーションスーパーライブ
THE RAMPAGE,2024,ミュージックステーションスーパーライブ
Travis Japan,2024,ミュージックステーションスーパーライブ
Vaundy,2024,ミュージックステーションスーパーライブ
XG,2024,ミュージックステーションスーパーライブ
aespa,2024,ミュージックステーションスーパーライブ
aiko,2024,ミュージックステーションスーパーライブ
ano,2024,ミュージックステーションスーパーライブ
あいみょん,2024,ミュージックステーションスーパーライブ
いきものがかり,2024,ミュージックステーションスーパーライブ
こっちのけんと,2024,ミュージックステーションスーパーライブ
すずきまゆみ×清塚信也,2024,ミュージックステーションスーパーライブ
なにわ男子,2024,ミュージックステーションスーパーライブ
ゆず,2024,ミュージックステーションスーパーライブ
ゴールデンボンバー,2024,ミュージックステーションスーパーライブ
ジェジュン,2024,ミュージックステーションスーパーライブ
マカロニえんぴつ,2024,ミュージックステーションスーパーライブ
三代目 J SOUL BROTERS,2024,ミュージックステーションスーパーライブ
三浦大知,2024,ミュージックステーションスーパーライブ
乃木坂46,2024,ミュージックステーションスーパーライブ
屋比久知奈＆尾上松也,2024,ミュージックステーションスーパーライブ
新しい学校のリーダーズ,2024,ミュージックステーションスーパーライブ
日向坂46,2024,ミュージックステーションスーパーライブ
東京スカパラダイスオーケストラ,2024,ミュージックステーションスーパーライブ
櫻坂46,2024,ミュージックステーションスーパーライブ
田島貴男（Original Love）,2024,ミュージックステーションスーパーライブ
